instrumentID,exchangeTime,localTime,tradeExchange,trSalCond,fillType,actionType,dir,tradeDirection,priceType,bidId,askId,price,volume,turnover,appSeq
000002.SZ,2026-07-07 09:20:00.000000000,2026-07-07 09:20:00.000000000,,,0,0,0,0,2,2011000000000101,0,10.00,400,0,1
000002.SZ,2026-07-07 09:20:00.600000000,2026-07-07 09:20:00.600000000,,,0,0,0,0,2,2011000000000109,0,5.00,100,0,2
000002.SZ,2026-07-07 09:20:01.000000000,2026-07-07 09:20:01.000000000,,,0,0,0,0,2,2011000000000102,0,9.98,300,0,3
000002.SZ,2026-07-07 09:20:02.000000000,2026-07-07 09:20:02.000000000,,,0,0,1,0,2,0,2011000000000201,9.97,600,0,4
000002.SZ,2026-07-07 09:20:03.000000000,2026-07-07 09:20:03.000000000,,,0,0,1,0,2,0,2011000000000202,9.98,100,0,5
000002.SZ,2026-07-07 09:25:00.000000000,2026-07-07 09:25:00.000000000,,,0,2,0,0,2,2011000000000101,2011000000000201,9.98,400,3992,6
000002.SZ,2026-07-07 09:25:00.000000000,2026-07-07 09:25:00.000000000,,,0,2,0,0,2,2011000000000102,2011000000000201,9.98,200,1996,7
000002.SZ,2026-07-07 09:25:00.000000000,2026-07-07 09:25:00.000000000,,,0,2,0,0,2,2011000000000102,2011000000000202,9.98,100,998,8
000002.SZ,2026-07-07 09:31:00.000000000,2026-07-07 09:31:00.000000000,,,0,0,0,0,2,2011000000000401,0,9.50,100,0,9
